developerResponse,review,rating,isEdited,title,date,userName,app_name,app_id
"{'id': 28233682, 'body': 'Guten Tag Jockeljö,\r\n\nbezüglich des Problems mit der fehlerhaften Anleitung - wir haben das Problem mit dem neuen Update behoben und haben folgende Lösung für Sie: Bitte löschen Sie die Anleitung zunächst über Konto -> Einstellungen -> Anleitung -> Tippen auf den Mülleimer. Danach tippen Sie bitte im Homescreen auf Ihr Fahrzeug -> Anleitung -> Herunterladen. Nun sollte der Fehler behoben sein. \n\nViele Grüße, \nIhr Porsche Contact Team', 'modified': '2022-02-24T10:21:44Z'}","Die Bedienung ist wie bei jeder neuen App erstmal ungewohnt, aber nach kurzer Nutzungszeit gut verständlich. Wie in den vielen anderen Kommentaren bereits erwähnt fehlen leider (noch?!) viele Funktionen. Auch die Fahrzeuganleitung wird bei mir nach dem Download nicht angezeigt. Wenn die Funktionen nachgeliefert werden und die Fehler behoben sind, gibt es auch die vollen Sterne von mir.",3,False,Ausbaufähig,2022-02-08 21:23:36,Jockeljö,my-porsche,1559529059
"{'id': 27631690, 'body': 'Guten Tag Adrian71K,\xa0\n\nvielen Dank für Ihr Feedback. Wir freuen uns sehr zu hören, dass Sie unsere App nun ohne Komplikationen nutzen können und, dass sie Ihnen gefällt. Wir arbeiten weiterhin an Verbesserungen und fügen regelmäßig neue Funktionen hinzu.\xa0\n\nIhr Porsche Contact Team', 'modified': '2022-01-24T19:46:00Z'}","Guter Aufbau und Design und schnelle Verarbeitung. Leider werden aktive Connect Dienste nicht erkannt, somit App nicht brauchbar! Habe zwei aktive Fahrzeuge und bei beiden sind die Connect Informationen nicht abrufbar.

Nach anfänglichen Startschwierigkeiten funktionieren beide Fahrzeugverbindungen einwandfrei. Mit gefällt der Aufbau der App sehr und die App ist sehr einfach und intuitiv zu bedienen!",5,True,Gute App,2022-01-24 19:46:00,Adrian71K,my-porsche,1559529059
"{'id': 27832474, 'body': 'Guten Tag Ju_LI_an!, \r\n\r\nvielen Dank für Ihre ausführliche Nachricht, wir schätzen sehr, dass Sie sich die Zeit dafür genommen haben. Wir arbeiten kontinuierlich an der Verbesserung und Weiterentwicklung unserer App und bald werden neue Funktionen hinzu kommen. Kleiner Teaser: Viele Charging-Funktionen für den Taycan werden bald verfügbar sein - bitte haben Sie noch ein klein wenig Geduld. Dennoch sind Timerfunktionen bereits verfügbar, diese können Sie unter ""Fahrzeug"" --> ""Details"" --> ""Funktionen"" aufrufen. \r\nVielen Dank für Ihr Angebot zur Bereitstellung von Use Cases. Wir freuen uns immer über Feedback und Erfahrungswerte, um unsere Produkte bestmöglich auf die Bedürfnisse unserer Kunden zuzuschneiden. Bei Interesse schicken Sie uns bitte eine E-Mail an smartmobility@de.porsche.com, damit wir persönlich mit Ihnen in Kontakt treten können.\r\n\r\nViele Grüße\r\nIhr Porsche Contact Team', 'modified': '2022-02-03T15:59:26Z'}","Liebes Porsche-Team,

ich hoffe das ließt jemand vom Entwickler Team. Es fehlen viele Funktionen aus der Connect App (Timerfunktion, Valet, usw.) Gerade die digitalen Schnittstellen würden das Laden mit dem Taycan leichter machen. Es fehlt aber eine vernünftige Routenplanung mit Priorisierung von Ladeanbietern wie IONITY. Auch ein abspeichern einer Route inklusive Zwischenziele ist nicht möglich. Solch eine Funktion wäre wiederum essenziell nützlich für jemanden der seine Route inklusive Ladepunkte planen möchte, nach dem der Range Manager und die AI dies leider noch nicht gut hinbekommt. Die Preisübersicht des Porsche Charging Service ist überhaupt nicht vorhanden und in der Connect App super unübersichtlich (Preis/kWh + min/Preis), demzufolge hat nicht einmal die Service Hotline mehr einen Überblick hierzu. Die Funktion der Rechnungshistorie ist auch nicht mehr vorhanden (und war/ist in der Connect ebenfalls unübersichtlich — es fehlen sogar die geladenen kW Stunden). Digitalisierung / Smarte Routenplanung und Connectivity sieht anders aus. Ich weiß nicht inwiefern das möglich ist, aber wenn aus dem Team sich jemand mehr Use Cases aus der Praxis wünscht, darf er sich gerne bei mir melden! Es ist als konstitutive Kritik gemeint. Auto ist super ❤️",1,False,Help! 😱,2022-01-24 19:25:30,Ju_LI_an!,my-porsche,1559529059
"{'id': 27585403, 'body': 'Guten Tag Roy McC,\xa0\nvielen Dank für Ihr Feedback und die positive Bewertung! Es freut uns sehr zu hören, dass Ihnen unsere App gefällt. Wir arbeiten kontinuierlich daran, Verbesserungen vorzunehmen und Sie können gespannt sein: Bald werden weitere Features hinzugefügt!\xa0\nIhr Porsche Contact Team ', 'modified': '2022-01-21T15:23:55Z'}","Was Gestaltung und Übersichtlichkeit betrifft, eine ganz klare Verbesserung im Vergleich zu den vorherigen Apps! Viele Funktionen fehlen aktuell allerdings noch. Hoffentlich kommt hier bald noch mehr.",5,False,Sehr guter Ansatz mit Luft nach oben,2022-01-15 20:00:57,Roy McC,my-porsche,1559529059
"{'id': 27583468, 'body': 'Guten Tag Valentin011993, \n\nvielen Dank für Ihr Feedback. Wir entschuldigen uns für die Unannehmlichkeiten, die zum Release der App aufgetreten sind. Umso mehr freut es uns, dass Ihnen die My Porsche App und insbesondere das Design gefällt. Wir arbeiten kontinuierlich an der Verbesserung unserer App und Sie können gespannt sein - schon bald kommen weitere Funktionen hinzu! \n\nIhr Porsche Contact Team', 'modified': '2022-01-21T13:49:36Z'}","Schön, dass Porsche endlich die zahlreichen Apps in einer neuen App mit einem zeitgenmässem Design zusamenfasst! Ich bin gespannt auf weitere Updates mit neuen Funktionen und sehe viel Potential, da manche Funktionen noch fehlen. 

Nach den Startschwierigkeiten funktioniert die Fahrzeugverbindung zu unserem Macan nun einwandfrei - und das in einer viel schöneren Optik als in der doch sehr angestaubten Car Connect App. Weiter so! 💪🏼",4,False,App mit Potenzial 👌🏼😊,2022-01-14 19:28:15,FIREinvest9x,my-porsche,1559529059
"{'id': 27993575, 'body': 'Guten Tag Oli001,\r\n\nvielen Dank für Ihre aktualisierte Bewertung - es freut uns sehr, dass Sie sich Zeit dafür genommen haben. Wir arbeiten kontinuierlich an Verbesserungen unserer App. Kleiner Tipp: Unsere Empfehlungen auf der Startseite können Sie ausblenden, indem Sie rechts auf den Pfeil klicken.\r\n\nViele Grüße\r\nIhr Porsche Contact Team', 'modified': '2022-02-11T15:16:50Z'}",Nachdem nun wohl alle Fehler vom Anfang behoben wurden geht sie nun auch bei mir. Zurück bleibt Zuviel Werbung und langsam beim Verbindungsaufbau zum Auto.,4,False,Gut,2022-02-04 06:28:42,Oli001,my-porsche,1559529059
"{'id': 28064367, 'body': 'Guten Tag Lucir2,\r\n\nvielen Dank für Ihr positives Feedback. Wir freuen uns sehr zu hören, dass Ihnen unsere App gefällt. Wir arbeiten kontinuierlich an Verbesserungen sowie neuen Funktionen. Und Sie können gespannt sein -schon bald werden auch weitere Charging-Features verfügbar sein!\r\n\nViele Grüße\r\nIhr Porsche Contact Team\r\n', 'modified': '2022-02-15T14:51:47Z'}",Die App ist optisch wirklich sehr gelungen und einfach zu bedienen. Ich freue mich schon auf weitere Funktionen und hoffe dass der Charging Planner und weitere Ladeinformationen hinzugefügt werden.,5,False,Große Verbesserung,2022-02-07 12:58:34,Lucir2,my-porsche,1559529059
"{'id': 27585436, 'body': 'Guten Tag Michael M.55,\xa0\nvielen Dank für Ihr Feedback. Wir freuen uns sehr darüber, dass Ihnen unsere App gefällt.\nIhr Porsche Contact Team', 'modified': '2022-01-21T15:25:41Z'}","muss die alte App behalten, da offensichtlich vergessen wurde, einen Timer einzubauen. Schade…. oder hab ich da etwas übersehen? Ja, ich hatte es übersehen…. war aber auch gut versteckt.",5,False,Standheizung Timer fehlt,2022-01-17 08:39:50,Michael M.55,my-porsche,1559529059
"{'id': 26873262, 'body': 'Sehr geehrter Morenkopf2012,\nvielen Dank für Ihr Feedback. Das von Ihnen genannte Problem ist uns bekannt und wir arbeiten schnellstmöglich an einer Verbesserung! Ihr Porsche Contact Team', 'modified': '2021-12-16T12:18:43Z'}",Die aktuelle Version hat nun leider Logout Probleme nach einigen Tagen. Es ist dringend zu beheben das sich die App abmeldet und Ihre Session verliert. Jedes Mal anmelden weil man seine Vorklimatisierung starten möchte ist schon nicht sonderlich schön bei einem eng besessenen Zeitbudget was ich zur Verfügung habe. - Come on Porsche - da geht noch einiges an Verbesserungen.,3,False,Logout Probleme nach einigen Tagen!,2021-12-13 18:56:15,MORENKOPF2012,my-porsche,1559529059
"{'id': 27444381, 'body': 'Guten Tag Porscheshovel, \nvielen Dank für Ihr positives Feedback! Ihren Pairing-Code finden Sie in der My Porsche App unter ""Konto"" -> ""Meine Garage"" -> Tippen auf Ihr Fahrzeug. Der Code wird Ihnen unter der Fahrzeugidentifikationsnummer (FIN) angezeigt. \nBitte teilen Sie uns über eine aktualisierte Bewertung mit, ob Ihnen der Pairing-Code über diesen Weg angezeigt wird. Sollte das Problem weiterhin bestehen, senden Sie bitte eine Mail mit detaillierter Beschreibung Ihres Anliegens (z.B. Porsche ID, App Version, Fehler) an smartmobility@de.porsche.com. \nIhr Porsche Contact Team', 'modified': '2022-01-15T13:18:02Z'}","Auf jedenfall eine Verbesserung. Geht alles viel schneller und flüssiger. Ich sehe aber meinen Pairing-Code nicht mehr. In der alten App wird der Code angezeigt. Soll das so sein?

Update!
Danke für den Hinweis. Wird dort tatsächlich Angezeigt. Perfekt!!",4,True,Viel Schneller !,2022-01-15 13:18:02,Porscheshovel,my-porsche,1559529059
"{'id': 26626242, 'body': 'Sehr geehrter Franzwolfgang,\xa0\n\nvielen Dank für die positive Bewertung und Ihr Feedback. Bitte seien Sie nicht verärgert. An dieser Stelle möchten wir darauf hinweisen, dass nicht die Apps kostenpflichtig sind, sondern die Services (nach Ablauf des Inklusivzeitraums). Durch die Aktivierung der Car Connect Services stehen Ihnen nun zahlreiche Funktionen in der Car Connect App sowie in der My Porsche App zur Verfügung. Wir hoffen diese Erklärung trägt zu mehr Transparenz bei.\xa0\n\nBeste Grüße, Ihr Porsche Contact Team.', 'modified': '2021-12-03T12:57:46Z'}","Ich frage mich, warum ich soeben für viel Geld die Connect-App von Vodafone kaufen musste, um nun dieselben Funktionen kostenlos nutzen zu können.",5,False,"Gute App, aber CarConnect über Vodafone ist Abzocke",2021-11-28 00:21:43,Franzwolfgang,my-porsche,1559529059
"{'id': 25813008, 'body': 'Hallo Doodel97, vielen Dank für Ihr positives Feedback zu unserer My Porsche App. Und weiterhin viel Vergnügen! Ihr Porsche Contact Team\r\n', 'modified': '2021-10-21T13:10:35Z'}",App läuft viel flüssiger als die Vorgänger-Apps. Ladezeiten sind verringert und ein einheitliches Design. Danke!,5,False,Gelungene App,2021-10-15 08:15:16,Doodel97,my-porsche,1559529059
,"Ein Quantensprung zur bisherigen App!
Endlich alles in einer App und übersichtlich dargestellt",5,False,Sehr gute Ergänzung zum Taycan,2022-01-11 15:55:21,Chrischhahn,my-porsche,1559529059
"{'id': 29513807, 'body': 'Guten Tag Maxi Jürgens,\r\n\nvielen Dank für Ihr Feedback. Wir entschuldigen uns für die Unannehmlichkeiten, arbeiten kontinuierlich an Weiterentwicklungen und werden in Kürze weitere Remote Klima-Funktionen hinzufügen. Sollten die Fehlermeldungen erneut auftreten, bitten wir Sie, uns weitere Informationen über ""Konto"" -> ""Kontakt und Hilfe"" -> ""Ein Problem mit der App melden"" zur Verfügung zu stellen oder einfach Ihr Smartphone bei geöffneter App zu schütteln. Dadurch öffnet sich ein E-Mail-Formular und fügt dem Anhang automatisch einen Screenshot des aktuellen Bildschirms hinzu. Alternativ senden Sie bitte eine E-Mail (inkl. Porsche ID, Fehlermeldung) an smartmobility@de.porsche.com. Vielen Dank.\r\n\nBeste Grüße\r\nIhr Porsche Contact Team', 'modified': '2022-05-02T14:50:05Z'}","Ich erhalte bei jedem Vorklimatisierungsvorgang eine Fehlermeldung, dass die Vorklimatisierung fehlgeschlagen ist, obwohl die Vorklimatisierung danach eingeschalten wird. Ansonsten fehlt noch die Funktion aus der alten App die Sitzheizung seperat einzustellen.",4,False,Klimatisierungsmeldung,2022-04-15 12:21:26,Maxi Jürgens,my-porsche,1559529059
"{'id': 26754911, 'body': 'Guten Tag tannjew,\xa0\n\nvielen Dank für Ihre Bewertung und Ihr Feedback. Wir entschuldigen uns für die Unannehmlichkeiten. Wir arbeiten stetig an der Verbesserung der App und Sie können gespannt sein, bald kommen weitere Funktionen hinzu!\xa0\n\nIhr Porsche Contact Team', 'modified': '2021-12-10T10:19:02Z'}","Leider hat die App nur einen Teil des Funktionsumfangs der Vorgänger-App. Das senden eines Navigationsziels an das Fahrzeug hat bei meinem Taycan bisher noch nicht geklappt. Hab’s aufgegeben. Solange beim Taycan noch das bekannte, aber seit Monaten ungelöste Problem mit der willkürlich auslösenden Alarmanlage (Stichwort Innenraumüberwachung) existiert wäre es nett, die Alarmanlage auch über die App deaktivieren zu können. Immerhin, in der App ist mein Taycan auch schwarz wie in der Realität (und nicht weiß wie auf dem Zentraldisplay im Auto).",3,False,Ausbaufähig,2021-12-06 18:46:47,tannjew,my-porsche,1559529059
"{'id': 29513745, 'body': 'Guten Tag Chruklew,\r\n\nvielen Dank für Ihr ausführliches Feedback. Wir entschuldigen uns im höchsten Maße für die Unannehmlichkeiten. Wir arbeiten kontinuierlich an Verbesserungen unserer App. Um Ihnen weiterhelfen zu können, bitten wir Sie, wenn der Fehler auftritt, uns weitere Informationen über ""Konto"" -> ""Kontakt und Hilfe"" -> ""Ein Problem mit der App melden"" zur Verfügung zu stellen oder einfach Ihr Smartphone bei geöffneter App zu schütteln. Dadurch öffnet sich ein E-Mail-Formular und fügt dem Anhang automatisch einen Screenshot des aktuellen Bildschirms hinzu. Vielen Dank.\r\n\nBeste Grüße\r\nIhr Porsche Contact Team\r\n', 'modified': '2022-05-02T14:48:31Z'}","Gute Idee alles in eine App zu packen und auch ansprechend gestaltet.

Aber überall sind noch Fallstricke! Ich stehe mal wieder bei Aral am Lader und ärgere mich, dass der Server für das Starten des Ladevorgangs nicht verfügbar ist!

Meine Porschekarte war nach einem Umtausch auch mal wieder nicht benutzbar und ich wollte die App einsetzen!!!! Aber Pustekuchen!!!

Da der Telefonservice kosten sollte, wollte ich eine Mail schicken! Geht nicht, da ich Apple Mail nicht mehr installiert habe! Andere Apps haben damit kein Problem! Den Workaround spare ich mir!

Weitere Punkte wie das Fehlen der Unterbrechung eines Ladevorgangs aus der App heraus, die Steuerung von Ladeströmen und äußerst unzuverlässige Timer und Profile tun Ihr Übriges!

Ich kann nur empfehlen über die Webseite zu gehen. Diese funktioniert deutlich zuverlässiger und bietet was Timer und Ladeplanung/Profile angeht mehr Informationen und Funktionalitäten!

Ich habe aber immer noch Hoffnung, dass man mit einem 150TEUR Auto auch irgendwann mal eine gut funktionierende App bekommt! Ich sehne mir mein Modell S zurück!",3,False,Optisch okay! Aber….,2022-04-12 16:31:54,Chruklew,my-porsche,1559529059
"{'id': 27514944, 'body': 'Guten Tag DavidGoliath007, \n\nwir entschuldigen uns für die Unannehmlichkeiten. Wie Sie vermutet haben, handelte es sich um ein kurzfristiges Problem, welches wir inzwischen behoben haben. Wir würden uns freuen, wenn Sie uns über eine aktualisierte Bewertung wissen lassen, ob sich die Performance verbessert hat. Vielen Dank. \n\nIhr Porsche Contact Team', 'modified': '2022-01-18T14:19:46Z'}","Bei der alten connect App war es schon eine Zumutung wie lange die gebraucht hat um eine Verbindung zum Server und zum Auto herzustellen.
Bei dieser App jetzt überhaupt keine Konnektivität mehr. Selbst das anmelden wird zum Albtraum. Man wird immer wieder rausgeschmissen nachdem man sich auf eine deutsche Seite eingewählt hat muss man das gleich auf einer englisch lautenden Seite erneut einloggen. Ab da passiert gar nichts mehr ständig Fehlermeldungen!
Da es auch positive Rezensionen gibt kann ich nur darauf hoffen, dass es sich um ein kurzfristiges Problem handelt. Heute bekam ich eine E-Mail, wie wahrscheinlich Tausende andere Kunden, man könne nun diese App runterladen. Vielleicht einfach einen Ansturm auf den Server?
Die Hoffnung stirbt zuletzt….",1,False,Eine absolute Katastrophe,2022-01-12 08:14:55,DavidGoliath007,my-porsche,1559529059
"{'id': 27444394, 'body': 'Guten Tag 922Love, \n\nvielen Dank für Ihr positives Feedback! Wir haben gute Neuigkeiten für Sie: Mit dem neuen Update wurde die App um wichtige Funktionen erweitert! Außerdem arbeiten wir kontinuierlich an der Verbesserung und Weiterentwicklung unserer App. \n\nIhr Porsche Contact Team', 'modified': '2022-01-14T12:40:22Z'}","Mir gefällt das Layout und die Bedienung. Leider fehlen im Vergleich zur Connect App einige Funktionen und Infos. Hoffentlich werden diese bald nachgeliefert. Dafür sehe ich nun die Bedienungsanleitung meines 911, cool!",4,False,Gute Basis,2021-12-22 19:14:44,992Love,my-porsche,1559529059
"{'id': 27563137, 'body': 'Guten Tag mmrazovic, \nvielen Dank für Ihr Feedback. Wir entschuldigen uns für die Unannehmlichkeiten. Mittlerweile konnten wir einige Probleme beheben. Bitte lassen Sie uns über eine aktualisierte Bewertung wissen, ob sich die Performance verbessert hat. Vielen Dank. \nIhr Porsche Contact Team', 'modified': '2022-01-20T16:05:31Z'}","Einen Abfahrt Timer konnte ich soeben nicht einstellen, es hieß immer „Server sei nicht erreichbar“. Unmittelbar nach dem gescheiterten Versuchen öffnete ich die alte Connect App, und es hat auf Anhieb funktioniert! Dann wieder der Versuch mit MyPorsche… hat nicht funktioniert.",4,False,Bugs anscheinend noch vorhanden,2022-01-12 07:50:30,mmrazovic,my-porsche,1559529059
"{'id': 28978330, 'body': 'Guten Tag HP_P1,\r\n\nvielen Dank für Ihr Feedback. Wir arbeiten kontinuierlich an Verbesserungen und Weiterentwicklungen unserer App und werden in naher Zukunft weitere Funktionen, z.B. die Reifendruckanzeige, hinzufügen. Wir bitten noch um ein wenig Geduld. Vielen Dank.\r\n\nBeste Grüße,\r\nIhr Porsche Contact Team', 'modified': '2022-04-05T14:56:52Z'}",…….allerdings finde ich die Anzeige für den zuletzt gespeicherten Reifendruck nicht in der App…….die alte konnte das?,4,False,Neues frisches Design,2022-03-30 12:28:28,HP_P1,my-porsche,1559529059
"{'id': 27563319, 'body': 'Sehr geehrter HerrMoSh, \nvielen Dank für Ihre Bewertung und Ihr Feedback. Wir haben gute Neuigkeiten für Sie: Trip Daten Historie wird bald in die My Porsche App implementiert!\r\n\r\nViele Grüße\r\nIhr Porsche Contact Team', 'modified': '2022-01-20T16:16:46Z'}",Eigentlich eine gute Idee alle Apps zu einer zusammenzufassen. Ich vermisse allerdings bei der Anzeige aller Trip Daten die Historie für alle drei Kategorien. Dieses bietet die Porsche Connect App.,3,False,Trip Daten ohne Historie?,2022-01-12 14:24:09,HerrMoSh,my-porsche,1559529059
"{'id': 27631535, 'body': 'Guten Tag The incredible Duke, \nvielen Dank für Ihre aktualisierte Bewertung und die Bestätigung, dass die Funktionalität wieder hergestellt ist. \nBeste Grüße\nIhr Porsche Contact Team', 'modified': '2022-01-24T15:01:48Z'}","Nachdem ich sowohl von Porsche aber auch von Vodafone insgesamt 3 mails bekommen habe über die tolle neue Version 2.0 geht nach dem Update gar nix mehr ausser Auslesen der Fahrgestellnummer und Vereinbarung eines Servicetermims. Das ist bisher wohl nix. Auch bei der Version 1 musste ich erst 30 Minuten mit dem Support telefonieren bis das mit der Netzwerkeinstellung beim iPhone geklärt werden konnte. Banana ware? Die Ware reift beim Kunden. Sie merken: ich bin wirklich verärgert.

Anmerkung auf Bitte der Entwickler: die Funktionalität war nach wenigen Tagen hergestellt. Die unten angefügte Antwort ist korrekt.",1,False,Das ist so nix,2022-01-21 07:16:13,The incredible Duke,my-porsche,1559529059
"{'id': 30454962, 'body': 'Guten Tag rotheerde,\r\n\nwir kommen noch einmal auf Sie zurück, um Ihnen mitzuteilen, dass Sie mit dem neuen My Porsche App-Update nun auch die Reifendruckanzeige nutzen können. Wir würden uns freuen, wenn Sie uns über eine aktualisierte Bewertung mitteilen, ob Sie mit der Nutzung der Funktion zufrieden sind. Vielen Dank. \r\n\nViele Grüße \r\nIhr Porsche Contact Team', 'modified': '2022-06-20T12:23:21Z'}",Bitte weitere Informationen zum Fahrzeug aufnehmen wie z. B. Luftdruck,3,False,Fahrzeuginformationen,2021-11-05 08:33:54,rotheerde,my-porsche,1559529059
"{'id': 26228681, 'body': 'Sehr geehrter DaDave90, vielen Dank für Ihre positive Bewertung der My Porsche App. Wir schätzen es sehr, dass Sie sich die Zeit dafür genommen haben. Ihr Porsche Contact Team', 'modified': '2021-11-12T07:57:54Z'}","Endlich alle Funktionen in einer app, modernes look&Feel und es funktioniert einfach :-)",5,False,Richtig gute App und ein super Sprung,2021-10-29 08:56:08,DaDave90,my-porsche,1559529059
"{'id': 29028835, 'body': 'Guten Tag Abo Alken,\r\n\nvielen Dank für Ihr Feedback. Wir entschuldigen uns in höchstem Maße für die Unannehmlichkeiten. Wir bitten Sie, uns über eine aktualisierte Bewertung mitzuteilen, ob das Problem inzwischen behoben ist. Falls nicht, bitten wir Sie, uns weitere Informationen über ""Konto"" -> ""Kontakt und Hilfe"" -> ""Ein Problem mit der App melden"" zur Verfügung stellen oder einfach Ihr Smartphone bei geöffneter App zu schütteln. Dadurch öffnet sich ein E-Mail-Formular und fügt dem Anhang automatisch einen Screenshot des aktuellen Bildschirms hinzu. Dies hilft uns, das Fehlerbild zu analysieren.\r\n\nBeste Grüße\r\nIhr Porsche Contact Team', 'modified': '2022-04-07T11:30:31Z'}","Der Fernzugriff funktioniert nicht (wie: Aufschließen des Fahrzeuges über die Porsche App). Es ist keine Remote Dienste in der App zu sehen. Schade, dass man es pro Jahr bezahlt und es nicht nutzen kann. Ich bin sehr enttäuscht von Porsche App. Man zahlt viel für nichts. Schade.

Ich habe den Fehler vor 2 Wochen mehrmals bei Porsche (samrtmobility) gemeldet (telefonisch und per Email) aber leider heißt es jedes mal das die Techniker daran arbeiten. Aber niemand meldet sich bei mir (nicht einmal eine E-Mail, dass es in Bearbeitung ist).

Wie kann ich weitere Dienste von Porsche kaufen, wenn der erste so ist 😔",1,False,"Funktioniert nicht, Support reagiert nicht",2022-03-01 09:35:19,Abo Alken,my-porsche,1559529059
"{'id': 27631519, 'body': 'Guten Tag Net Gear, \nvielen Dank für Ihre aktualisierte Bewertung! Es freut uns zu hören, dass Ihnen unsere App gefällt - wir bedanken uns auch für Ihre Verbesserungsvorschläge und wünschen Ihnen noch viel Spaß mit unserer App!\nBeste Grüße\nIhr Porsche Contact Team', 'modified': '2022-01-24T15:01:03Z'}","Die Funktionen der alten Apps Car Connect und Connect in einer App vereint. Sehr guter Ansatz, ausbaufähige Umsetzung, da aktuell der z.B. der Reifendruck noch fehlt, lt. Entwickler aber noch folgen wird! 

Dann gibt es auch volle 5 Punkte! Danke für die schnelle Reaktion auf meine erste Bewertung! 

Ansonsten sehr positiv: ansprechende Oberfläche, deutlich schnellere Performance! Die Standheizung kann man z.B. viel schneller starten als mit der alten App! 

Kleiner Verbesserungsvorschlag: den Timer vielleicht nicht ganz so tief im Menu “verstecken”… 

Danke und viele Grüße an das Entwickelerteam!",4,False,Nach Fehlerbehebung deutlicher Fortschritt!,2022-01-21 04:30:05,Net Gear,my-porsche,1559529059
"{'id': 29859847, 'body': 'Guten Tag FlyingPsy,\r\n\nvielen Dank für Ihr Feedback. Wir arbeiten kontinuierlich an Verbesserungen unserer App und werden in Kürze weitere Funktionen hinzufügen. Um Zwischenziele einzugeben, suchen Sie bitte nach Ihrem Wunschort über die Karte und tippen Sie dann auf das obere der drei Symbole in der rechten unteren Ecke der Karte. Dadurch wird ihnen die Route von Ihrem Fahrzeug zum Wunschort angezeigt. Durch ein weiteres Tippen auf die drei Punkte neben der Schaltfläche ""Route an Fahrzeug senden"" können Sie dann Zwischenziele angeben.\n\r\n\r\n\nBeste Grüße\r\nIhr Porsche Contact Team', 'modified': '2022-05-20T07:30:21Z'}","Grundsätzlich gefallen mir Design und Handhabung der App. Mir fehlen aber noch die Möglichkeiten, Zwischenziele einzugeben, HPC-Lader (bspw. Ionity) gezielt auszuwählen und Ziele aus dem iPhone-Kalender zu übernehmen. Gibt es eine Roadmap für diese Funktionen?",3,False,"Gefällt, aber noch ausbaufähig.",2022-04-16 13:25:55,FlyingPsy,my-porsche,1559529059
"{'id': 27514904, 'body': 'Guten Tag Jojo830, \n\nwir entschuldigen uns für die Unannehmlichkeiten - wir arbeiten kontinuierlich an Verbesserungen. Sollten Sie sich bei der Porsche ID neu registriert haben und Ihr Fahrzeug noch nicht hinzugefügt haben, kontaktieren Sie bitte smartmobility@de.porsche.com. Vielen Dank. \n\nIhr Porsche Contact Team', 'modified': '2022-01-18T14:17:54Z'}","Die alte App hat sich zwar ständig getrennt, aber ging wenigstens ab und zu.
Diese lädt ewig um dann anzuzeigen das keine Verbindung möglich ist.
Früher war auch irgendwie der Vodafone Account ausschlaggebend, heute der MyPorsche Account, was dazu führt, das Autos nicht mehr verfügbar sind, dafür eines, das ich selbst gar nicht benutze. 
Das war in der alten App schon blöd, bei mehreren Fahrzeugen und ist jetzt nicht besser geworden.",1,False,Schlimmer als die alte App,2022-01-12 08:15:45,Jojo830,my-porsche,1559529059
"{'id': 27631223, 'body': 'Guten Tag Axlhausen, \nvielen Dank für Ihr Feedback. Wir entschuldigen uns für die Unannehmlichkeiten. Die Funktionen, die für Ihr Fahrzeug verfügbar sind, können Sie unter folgendem Link einsehen: https://connect-store.porsche.com/de/de. Wir arbeiten kontinuierlich an Verbesserungen unserer App und haben Ihren Funktionsvorschlag aufgenommen. Vielen Dank. \nIhr Porsche Contact Team', 'modified': '2022-01-24T14:49:46Z'}","Ich kann damit nichts anfangen. Es wäre schön, wenn die App potentiell mögliche Funktionen auflisten und dann zeigen würde, welche für das betreffende Fahrzeug verfügbar sind und man diese dann einrichten kann. All das kann die App aber nicht. Ich musste in externen Quellen aufwändig aufstöbern wie und unter welchen Bedingungen die Türentriegelung über App möglich ist. Leider nur schöne Marketingbegriffe ohne Mehrwert. 2 Sterne für den Versuch. Aber vom Porsche darf und muss man mehr erwarten.",2,False,Leider keinerlei Mehrwert,2022-01-15 14:31:16,Axlhausen,my-porsche,1559529059
"{'id': 27564034, 'body': 'Guten Tag doktorrahn, \r\nvielen Dank für Ihr Feedback! Wir entschuldigen uns für die Unannehmlichkeiten. Wir arbeiten kontinuierlich an der Verbesserung und Weiterentwicklung unserer App und es werden weitere Funktionen hinzukommen. Wir würden uns freuen, wenn Sie uns über eine aktualisierte Bewertung wissen lassen, ob sich die Performance verbessert hat. Vielen Dank.\r\nIhr Porsche Contact Team\r\n', 'modified': '2022-01-20T16:55:38Z'}","Leider halte ich (bisher) die neue Amy Porsche App in keinster Weise für eine Verbesserung. Die Car Connect App war optisch besser und hatte erheblich mehr Funktionen, die Verbindung zum Fahrzeug funktionierte einwandfrei und die erhoffte Ver-und Entriegelung, die in der neuen my Porsche App am ersten Tag noch angezeigt wurde, ist nun auch wieder verschwunden. Hoffentlich wird sie irgendwann wenigstens gleichwertig- zur Zeit nur Max. 2 Sterne",2,False,Keine Verbesserung,2022-01-13 06:22:29,doktorrahn,my-porsche,1559529059
"{'id': 28064348, 'body': 'Gutn Tag JulesGnin,\r\n\nvielen Dank für Ihr Feedback. Wir entschuldigen uns für die Unannehmlichkeiten. Wir arbeiten kontinuierlich an Verbesserungen und fügen regelmäßig weitere Funktionen in den nächsten App-Updates hinzu. Vielen Dank für Ihre Geduld.\r\n\nBeste Grüße\r\nIhr Porsche Contact Team', 'modified': '2022-02-15T14:50:41Z'}","Porsche‘s neue verschlimmbesserte App sorgt bei weniger Funktionen (Ölstand wird nicht mehr angezeigt - und da dieser auch im 992 Interface nicht angezeigt wird weiß man nicht, wann man nachfüllen sollte), mehr Ausfällen und Instabilität in Kombination mit regelmäßigem automatischen Logout für noch weniger Nutzwert. Da der neue 992 ebenfalls nur noch an Montagen vom Band läuft (2 Freunde haben dasselbe Modell - und es scheint mit jedem Hyundai hätte man durchaus ein stabileres Setup) passt das alles top zusammen. Hauptsache die Preise werden regelmäßig erhöht und bei Auslieferung gibt’s nur einen Schlüssel. Danke Porsche!",1,False,Genauso schwach wie Porsche‘s neues Preisleistungsverhältnis - und damit äußerst passend,2022-02-06 11:32:21,JulesGnin,my-porsche,1559529059
"{'id': 27809446, 'body': 'Guten Tag blue.light,\r\n\nvielen Dank für Ihr Feedback. Wir arbeiten kontinuierlich an Verbesserungen und Weiterentwicklungen der App und freuen uns Ihnen mitteilen zu können, dass das Einstellen der Gradzahl für die Standheizung mit einem zukünftigen Update möglich sein wird. Vielen Dank für Ihr Verständnis und Ihre Geduld.\r\n\nViele Grüße\r\nIhr Porsche Contact Team', 'modified': '2022-02-02T15:48:04Z'}","Hallo

In der einen neuen App fehlt zum Beispiel die einfache Funktion das Standklima / Temp nicht nur zu starten sondern auch die Gradzahl einstellen zu können 

Bitte nachbessern.",3,False,Es fehlen Funktionalitäten,2022-01-28 15:11:54,blue.light,my-porsche,1559529059
"{'id': 27631728, 'body': 'Guten Tag arno243,\xa0\n\nvielen Dank für Ihr Feedback. Wir entschuldigen uns für die Unannehmlichkeiten. Wir bedauern es sehr, dass unsere App nicht Ihren Erwartungen entspricht. Wir arbeiten kontinuierlich an Verbesserungen der App und fügen regelmäßig neue Features hinzu.\xa0\n\nViele Grüße\nIhr Porsche Contact Team', 'modified': '2022-01-24T15:10:07Z'}","Erst wurde die Vorgängerapp über Monate nicht gepflegt und jetzt: eine einzige Enttäuschung.
Allein der Vodafone typische Verbindungsaufbau dauert selten unter 15 Sekunden.
Wie kann man denn so etwas heutzutage anbieten?
Die Funktionalität gegenüber BMW und Mercedes weit abgeschlagen.
Peinlich dass Porsche sich eine solche Blöße gibt.",2,False,Enttäuschend,2022-01-22 14:11:35,arno243,my-porsche,1559529059
"{'id': 29598221, 'body': 'Guten Tag Seovardo,\r\n\nvielen Dank für Ihr Feedback. Wir arbeiten kontinuierlich an Verbesserungen und Weiterentwicklungen unserer App und werden in Kürze weitere Funktionen hinzufügen. Um Ihnen weiterhelfen zu können bitten wir Sie, uns weitere Informationen über ""Konto"" -> ""Kontakt und Hilfe"" -> ""Ein Problem mit der App melden"" zur Verfügung zu stellen oder einfach Ihr Smartphone bei geöffneter App zu schütteln. Dadurch öffnet sich ein E-Mail-Formular und fügt dem Anhang automatisch einen Screenshot des aktuellen Bildschirms hinzu. Alternativ senden Sie bitte eine E-Mail (inkl. Porsche ID, Fehlermeldung) an smartmobility@de.porsche.com. Vielen Dank.\r\n\nBeste Grüße\r\nIhr Porsche Contact Team', 'modified': '2022-05-06T14:20:19Z'}","Die App schaut echt gut aus, aber die Verbindung zum Kalender für die Connect-Dienste kann man nicht mehr nutzen. Finde es frech, die Connect App abzusägen aber solche kostenpflichtigen Funktionen nicht integriert zu haben.",3,False,Hübsch aber lückenhaft,2022-05-04 11:06:55,Seovardo,my-porsche,1559529059
"{'id': 27564049, 'body': 'Guten Tag WoFey, \r\nwir bedanken uns für Ihr Feedback und entschuldigen uns für die Performance-Probleme, die unsere App zeitweise hatte. Diese sind behoben und Sie sollten nun auch Ihre Fahrzeugdaten abrufen können. Wir würden uns freuen, wenn Sie uns über eine aktualisierte Bewertung wissen lassen, ob Sie die Funktionen nun nutzen können. Vielen Dank. \r\nIhr Porsche Contact Team', 'modified': '2022-01-20T16:56:10Z'}","Läuft extrem schlecht. Es wird gerade mal die Fahrgestellnummer meines 911 angezeigt. Seit 2 Tagen versucht die App die Daten vom Fahrzeug zu lesen aber ohne Erfolg. Leider habe ich die alte App gelöscht, 
die hat perfekt funktioniert.
Schade dass man diese nicht mehr installieren kann. Warum muss man etwas Gutes durch etwas so schlechtes ersetzen?",1,False,Keine Verbindung zum Fahrzeug,2022-01-13 07:58:47,WoFey,my-porsche,1559529059
"{'id': 27563296, 'body': 'Guten Tag tonimedusa, \r\nvielen Dank für Ihr Feedback und die Verbesserungsvorschläge - ist notiert. \r\nViele Grüße\r\nIhr Porsche Contact Team', 'modified': '2022-01-20T16:15:10Z'}","Ihr solltet euch auf jeden Fall nochmal ein Beispiel an Mercedes nehmen, was die Technik angeht. Fensteröffnung per App fehlt, sowie das Ausschalten des Alarms, wenn dieser mal anspringt, Akkustand vom Taycan wurde vorher übersichtlicher angezeigt.",2,False,Verbesserungsbedarf!,2022-01-12 14:14:16,tonimedusa,my-porsche,1559529059
"{'id': 28233433, 'body': 'Guten Tag jayjay839,\r\n\nbezüglich des Problems mit der fehlerhaften Anleitung - wir haben das Problem mit dem neuen Update behoben und haben folgende Lösung für Sie: Bitte löschen Sie die Anleitung zunächst über Konto -> Einstellungen -> Anleitung -> Tippen auf den Mülleimer. Danach tippen Sie bitte im Homescreen auf Ihr Fahrzeug -> Anleitung -> Herunterladen. Nun sollte der Fehler behoben sein. \n\nViele Grüße, \nIhr Porsche Contact Team', 'modified': '2022-02-24T10:10:27Z'}","Heruntergeladene Fahrzeuganleitungen werden nicht angezeigt.
Ansonsten ein deutlicher Fortschritt zu Connect.",3,False,Anleitungen,2022-02-03 06:43:05,jayjay839,my-porsche,1559529059
"{'id': 28978294, 'body': 'Guten Tag oliverkäs,\r\n\nvielen Dank für Ihr Feedback. Wir entschuldigen uns für die Unannehmlichkeiten. Bezüglich Speed- oder Location-Alarm-Benachrichtigungen: Sie erhalten keine Benachrichtigungen, wenn Sie mit Apple CarPlay verbunden sind. Um die Benachrichtigungen zu erhalten, empfehlen wir daher, die Verbindung zu Apple CarPlay zu trennen. Wir arbeiten bereits daran, dies zu beheben. Sollten Sie nicht mit Apple CarPlay verbunden sein und dennoch keine Benachrichtigungen erhalten, wenden Sie sich bitte an smartmobility@de.porsche.com. Wir würden uns freuen, wenn Sie uns über eine aktualisierte Bewertung mitteilen, ob diese Informationen hilfreich für Sie waren. Vielen Dank.\r\n\nBeste Grüße\r\nIhr Porsche Contact Team', 'modified': '2022-04-05T14:55:57Z'}","Man hätte noch warten müssen mit der neuen App. Weiß nicht wo euer Druck herkommt - eine nicht fertige APP anzubieten für ein etwas anderen Automobilhersteller gerade im Segment der besonderen Art.

Zu den ganzen Kritiken noch eine:

Warum erscheint keine Warnmeldung beim verlassen oder überschreiten der Geschwindigkeit auf meinen Handy als Banner obwohl alles richtig eingestellt ist?",2,False,Man hätte noch warten müssen …,2022-03-29 21:07:01,oliverkäs,my-porsche,1559529059
"{'id': 30455174, 'body': 'Guten Tag zani696,\r\n\nwir kommen noch einmal auf Sie zurück, um Ihnen mitzuteilen, dass Sie mit dem neuen My Porsche App-Update nun auch die Reifendruckanzeige nutzen können. Wir würden uns freuen, wenn Sie uns über eine aktualisierte Bewertung mitteilen, ob Sie mit der Nutzung der Funktion zufrieden sind. Vielen Dank. \r\n\nMit freundlichen Grüßen \r\nIhr Porsche Contact Team\r\n', 'modified': '2022-06-20T12:30:50Z'}",Ich kann nur die Rezension von Vor mir bestätigen keine Reifendruck usw. und Ruhemodus nach Aktualisierung Verbesserung angebracht. ansonsten super,3,False,Keine Reifendruck,2022-05-30 12:00:02,zani696,my-porsche,1559529059
"{'id': 28474755, 'body': 'Guten Tag RamFid66, \r\n\nvielen Dank für Ihr positives Feedback und Ihre aktualisierte Bewertung. Wir wissen es sehr zu schätzen, dass Sie sich Zeit dafür genommen haben.\r\n\nViele Grüße\r\nIhr Porsche Contact Team', 'modified': '2022-03-09T15:32:07Z'}","Mit dem neuen Bugfix wurde das Problem „Anleitungen werden nicht angezeigt“ behoben.

Vielen Dank, dass das so schnell geklappt hat!
Sehr gute App!

VG",5,False,Danke an das Entwicklerteam!,2022-02-23 13:47:46,RamFid66,my-porsche,1559529059
"{'id': 27563279, 'body': 'Guten Tag Speedy 356, \nvielen Dank für Ihr Feedback. Wir entschuldigen uns für die Unannehmlichkeiten, die Probleme mit den Car Connect Diensten haben wir inzwischen behoben. Zudem arbeiten wir kontinuierlich an der Weiterentwicklung unserer App. Wir würden uns freuen, wenn Sie uns über eine aktualisierte Bewertung wissen lassen, ob sich die Performance verbessert hat. Vielen Dank. \r\nIhr Porsche Contact Team', 'modified': '2022-01-20T16:13:50Z'}","guten Tag an das Entwicklungsteam - App installiert…Funktionen der Connect app sind gegeben, aber nicht die der Car Connect app
Habe mehrere Fahrzeuge….",3,False,Car Connect Funktionalität nicht gegeben,2022-01-12 12:01:33,Speedy 356,my-porsche,1559529059
"{'id': 29514035, 'body': 'Guten Tag Lukas9921,\r\n\nvielen Dank für Ihr Feedback. Wir bedauern es sehr, dass Sie unzufrieden mit unserer App sind. Leider können Sie mit Ihrem 992 nur die Standheizung als Klimatisierungsfunktion per App steuern, sollten Sie sich diese konfiguriert haben.\r\n\nBeste Grüße\r\nIhr Porsche Contact Team', 'modified': '2022-05-02T15:00:11Z'}","Grundsätzlich eine gute App. Aber 99€ / Jahr zu bezahlen für die Connect Dienste, wo ich durch die App mein Fahrzeug aufmachen kann lohnt sich für mich nicht. Ich denke auch dass diese Funktion von den wenigsten Kunden genutzt wird. 

Ich finde es schade, dass ich bei meinem 992 nicht zumindest die Klimaanlage darüber steuern kann. Das wäre ein echter Mehrwert. 

Schade!",2,False,Eine App mit viel Potential,2022-04-22 22:54:47,Lukas9921,my-porsche,1559529059
"{'id': 26754886, 'body': 'Guten Tag Hammerschmiedt,\xa0\n\nvielen Dank für Ihr Feedback. Wir haben gute Neuigkeiten, bald wird die Anzeige in der My Porsche App verfügbar sein! Wir würden uns sehr freuen, wenn Sie uns anschließend über eine aktualisierte Bewertung wissen lassen, ob das Feature Ihren Erwartungen entspricht.\xa0\n\nIhr Porsche Contact Team', 'modified': '2021-12-10T10:18:08Z'}",Könnt ihr bei der Akku Anzeige auch Anzeigen mit wieviel kw beladen wird,3,False,App,2021-12-01 11:03:58,Hammerschmiedt,my-porsche,1559529059
"{'id': 29859886, 'body': 'Guten Tag Hariulf,\r\n\nvielen Dank für Ihr Feedback. Wir arbeiten kontinuierlich an Verbesserungen unserer App und werden in Kürze weitere Funktionen, z.B. die Reifendruckanzeige, hinzufügen. Vielen Dank für Ihre Geduld.\r\n\nBeste Grüße\r\nIhr Porsche Contact Team', 'modified': '2022-05-20T07:31:22Z'}","Leider hat sich am Funktionsumfang seit Monaten nichts getan. Reifendruck, Blink- und Hupfunktionen  sowie die Statusanzeige des Verdeckzustands gibt es nach wie vor leider nur in der Connect App die nun bald wegfällt!",3,False,Funktionsumfang,2022-04-25 21:03:04,Hariulf,my-porsche,1559529059
"{'id': 30455136, 'body': 'Guten Tag Gucki2005,\r\n\nwir kommen noch einmal auf Sie zurück, um Ihnen mitzuteilen, dass Sie mit dem neuen My Porsche App-Update nun auch die Reifendruckanzeige nutzen können. Wir würden uns freuen, wenn Sie uns über eine aktualisierte Bewertung mitteilen, ob Sie mit der Nutzung der Funktion zufrieden sind. Vielen Dank. \r\n\nBeste Grüße \r\nIhr Porsche Contact Team', 'modified': '2022-06-20T12:29:49Z'}",Wo finde ich die in der Vorgänger-App noch vorhandene Reifendruckanzeige?,5,False,Reifendruck,2022-02-12 10:55:01,Gucki2005,my-porsche,1559529059
"{'id': 26626177, 'body': 'Hallo Col. Cologne, vielen Dank für Ihr Feedback. Wir arbeiten kontinuierlich an der Verbesserung und Weiterentwicklung unserer App. Zudem haben wir gute Neuigkeiten für Sie, bald kommen weitere Funktionen wie z.B. Trip-Daten hinzu! Ihr Porsche Contact Team', 'modified': '2021-12-03T12:54:50Z'}","Die alte „connect-App“ funktioniert noch tadellos und zeigt alle Informationen an. Auch die PCM-Dienste wie Online-Radio und Apple-Music. Und diese sind dann auch im Auto nutzbar. 
Nach dem Wechsel auf die neue „my Porsche“-App funktioniert Apple-Music und Online-Radio nicht mehr! Erst der Wechsel zur alten App brachte die Funktion zurück. Auch ist der Informationsgehalt der neuen App kleiner. Z. B. sind die Trip-Angaben gestrichen worden…",1,False,Funktioniert nicht vollständig,2021-11-17 18:50:46,Col. Cologne,my-porsche,1559529059
"{'id': 27585413, 'body': 'Guten Tag KarlOtto28,\xa0\nvielen Dank für Ihr Feedback! Es freut uns sehr, dass Ihnen unsere App gefällt. Wir arbeiten kontinuierlich an der Weiterentwicklung der App und Ihren Verbesserungsvorschlag zur AppleWatch-Integration haben wir aufgenommen.\xa0\nIhr Porsche Contact Team', 'modified': '2022-01-21T15:24:34Z'}","Liebes Porsche Team, vielen Dank für die super App. Leider fehlt die Kompatibilität zur iWatch. Wird die Anbindung noch kommen?",3,False,"Super App, leider nich für die iWatch",2022-01-16 21:47:51,KarlOtto28,my-porsche,1559529059
"{'id': 28064332, 'body': 'Guten Tag Teddy200,\r\n\nvielen Dank für Ihr Feedback. Wir bedauern sehr, dass Sie unzufrieden mit unserer App sind. Das Ziel der My Porsche App ist es, alle bestehenden Porsche Apps in einer übersichtlichen App zu vereinen. Dabei arbeiten wir kontinuierlich an Verbesserungen und fügen regelmäßig weitere Funktionen hinzu. Sollten Sie weiterhin Probleme mit unserer App haben, bitten wir Sie, uns mehr Details (z.B. Porsche ID, Fehlermeldung) an smartmobility@de.porsche.com zu senden. Vielen Dank.\r\n\nBeste Grüße\r\nIhr Porsche Contact Team', 'modified': '2022-02-15T14:49:40Z'}","Tolles Auto, aber warum (seit Monaten, eher Jahren) eine so schwache App? Minimales Funktionsangebot, wenig nutzerfreundlich, langsame Verbindung, Werbung, fehleranfällig, … Ganz schlimm: warum ist das letzte Update eine neue App und kein Update der bestehenden? Bei der App jagt eine Katastrophe die nächste. Sehr schade, weil eine vertane Chance. Zieht die komplette Fahrzeug Experience nach unten. Vielleicht über einen Wechsel des App Entwicklers nachdenken …?",1,False,"Sehr schade, schwache Leistung!",2022-02-05 17:07:16,Teddy200,my-porsche,1559529059
"{'id': 27810314, 'body': 'Guten Tag UWE GT3, \r\n\nvielen Dank für Ihr Feedback. Wir entschuldigen uns in höchstem Maße für die Unannehmlichkeiten. Wir arbeiten kontinuierlich an Verbesserungen und Weiterentwicklungen unserer App.  \r\n\nViele Grüße,\r\nIhr Porsche Contact Team', 'modified': '2022-02-02T16:38:04Z'}","Der Verbindungsaufbau der my Porsche App zum Fahrzeug ist eine Katastrophe. Dauerte schon mit der Connect App lange, die neue App macht nahezu jeden Verbindungsaufbau zum Taycan zu einer Geduldsprobe. Werde die Connect App noch so lange verwenden, bis die Probleme gelöst sind. Die Versuche vom Porsche Smartmobility Support die Probleme auf den Standort des Fahrzeuges zu schieben sind ein kläglicher Lösungsversuch.",1,False,Verbindungsaufbau mangelhaft,2022-01-29 11:59:55,UWE GT3,my-porsche,1559529059
"{'id': 30455098, 'body': 'Guten Tag Felipe DLC,\r\n\nwir kommen noch einmal auf Sie zurück, um Ihnen mitzuteilen, dass Sie mit dem neuen My Porsche App-Update nun auch Hupen und Blinken nutzen können. Wir würden uns freuen, wenn Sie uns über eine aktualisierte Bewertung mitteilen, ob Sie mit der Nutzung der Funktionen zufrieden sind. Vielen Dank. \r\n\nViele Grüße \r\nIhr Porsche Contact Team', 'modified': '2022-06-20T12:28:35Z'}",Kein Licht und Hupen per App mehr? Das ging doch sogar noch mit der alten Connect App.,2,False,Funktionen fehlen,2022-01-27 21:22:30,Felipe DLC,my-porsche,1559529059
"{'id': 27563345, 'body': 'Guten Tag makl1510, \r\nwir bedanken uns für Ihr Feedback und entschuldigen uns für die Performance-Probleme, die unsere App zeitweise hatte. Diese sind größtenteils behoben und Sie sollten nun auch Remote-Funktionen sehen können. Wir würden uns freuen, wenn Sie uns über eine aktualisierte Bewertung wissen lassen, ob Sie die Funktionen jetzt nutzen können. Vielen Dank. \r\nIhr Porsche Contact Team', 'modified': '2022-01-20T16:18:18Z'}","Panamera e-Hybrid MJ 2021 ist nicht zu verbinden. GPS zeigt fehlerhaften Standort, e-hybride Funktionen verschwunden, kein Remote charge Control. Große Ankündigung via Email und dann eine Qualität die sich nicht mal der günstigste Automobilhersteller erlauben würde. Peinlich, schlecht und einer Marke Porsche nicht würdig!",1,False,Keine Connection und weniger Funktionen,2022-01-12 16:32:56,makl1510,my-porsche,1559529059
"{'id': 30236730, 'body': 'Guten Tag ukro,\r\n\nvielen Dank für Ihr Feedback. Wir entschuldigen uns für die Unannehmlichkeiten. Bitte stellen Sie uns weitere Informationen über ""Konto"" -> ""Kontakt und Hilfe"" -> ""Ein Problem mit der App melden"" oder indem Sie einfach Ihr Smartphone bei geöffneter App schütteln zur Verfügung. Dadurch öffnet sich ein E-Mail-Formular und fügt dem Anhang automatisch einen Screenshot des aktuellen Bildschirms hinzu. Alternativ senden Sie bitte eine E-Mail (inkl. Porsche ID, Fehlermeldung) an smartmobility@de.porsche.com. Vielen Dank.\r\n\nBeste Grüße\r\nIhr Porsche Contact Team', 'modified': '2022-06-08T09:39:01Z'}","Die APP hat sich nicht verbessert seit über 1 Jahr.
Der wichtige Fahrzeugstatus wird meist garnicht oder fehlerhaft angezeigt!
Z.B. Tür offen, obwohl verschlossen. Also renn ich „Doof“ mal wieder zum „billigen“ Porsche 911 um festzustellen, er ist doch richtig verschlossen.
Richtig peinlich ist diese APP, da schämt man sich eher, anstatt stolz zu sein auf den Porsche!
Guckt mal bei den preiswerteren Mitanbietern im Markt, die können das mit der APP.😉",1,False,Sehr großes Verbesserungspotential,2022-06-02 20:36:28,ukro,my-porsche,1559529059
"{'id': 27444407, 'body': 'Guten Tag Ädbekeod, \nvielen Dank für Ihr Feedback! Wir entschuldigen uns für die Unannehmlichkeiten. \nAls kleiner Tipp: Es kann zu Verbindungsproblemen kommen, wenn sich das Fahrzeug in der Garage befindet. \nDamit wir Ihnen dennoch konkret weiterhelfen können, bitten wir Sie außerdem, uns weitere Details (z.B. Porsche ID, App Version, Fehlermeldung) an folgende E-Mail-Adresse zu senden: smartmobility@de.porsche.com. Vielen Dank. \nIhr Porsche Contact Team', 'modified': '2022-01-14T12:41:37Z'}","Panamera liegen wohl nicht im Fokus der App... 2021 Modell und die letzt erfolgreiche verbindung vor 48 Tagen... die neue App verbindet genauso wenig wie die anderen zuvor... wobei die alte Car Connect App ab und zu mal funktionierte, dass ist nun allem anschein nach, auch Geschichte. Ich bin mal gespannt, wann das ganze gescheit Funktioniert.",1,False,4 Porsche Apps keine verbindet...,2021-12-22 21:20:48,Ädbekeod,my-porsche,1559529059
"{'id': 26096774, 'body': 'Sehr geehrter CalvinK1010, Vielen Dank für Ihre ausführliche Bewertung. Wir entschuldigen uns für die Unannehmlichkeiten und arbeiten stets an den Verbesserungen der App. Bitte kontaktieren Sie uns dazu direkt mit einer detaillierten Beschreibung Ihres Anliegens (z.B. Porsche ID, App Version, Fehlermeldung): smartmobility@de.porsche.com. Wir freuen uns, von Ihnen zu hören. Ihr Porsche Contact Team', 'modified': '2021-11-05T10:22:24Z'}","auf dem iPhone 12 pro.
Sehr enttäuschend!",1,False,Funktioniert leider nicht,2021-10-22 20:00:44,CalvinK1010,my-porsche,1559529059
"{'id': 29513986, 'body': 'Guten Tag Generalfi,\r\n\nvielen Dank für Ihr Feedback. Wir entschuldigen uns im höchsten Maße für die Unannehmlichkeiten. Um Ihnen weiterhelfen zu können, bitten wir Sie, uns weitere Informationen über ""Konto"" -> ""Kontakt und Hilfe"" -> ""Ein Problem mit der App melden"" zur Verfügung zu stellen oder einfach Ihr Smartphone bei geöffneter App zu schütteln. Dadurch öffnet sich ein E-Mail-Formular und fügt dem Anhang automatisch einen Screenshot des aktuellen Bildschirms hinzu. Alternativ senden Sie bitte eine E-Mail (inkl. Porsche ID, Fehlermeldung) an smartmobility@de.porsche.com. Vielen Dank.\r\n\nBeste Grüße\r\nIhr Porsche Contact Team', 'modified': '2022-05-02T14:58:55Z'}","Ich wurde durch Vodafone per Mail angeschrieben, das ein Reset im Porsche Zentrum durchgeführt werden muß. Ergebnis: Es wurde das PCM Modul auf Garantie ausgetauscht, das Fahrzeug stand drei Tage bei Porsche und es funktioniert immer noch nicht. Anfragen wurden von Porsche an Vodafone nicht beantwortet…
Es ist echt traurig dass man ein hochwertiges Fahrzeug fährt, für einen Dienst im Vorraus bezahlt, ihn aber nicht nutzen kann.
Mal sehen, ob ich noch eine Gutschrift von Vodafone gibt.",1,False,Keine Verbindung seit vier Wochen,2022-04-19 15:29:04,Generalfi,my-porsche,1559529059
"{'id': 30236686, 'body': 'Guten Tag Buzz_Lightyear,\r\n\nwir melden uns noch einmal wegen der fehlerhaften Ladestation-Filterung: Wir haben das Problem nun analysiert und arbeiten an einer schnellstmöglichen Lösung. Vielen Dank, dass Sie uns darauf aufmerksam gemacht haben.\r\n\nViele Grüße\r\nIhr Porsche Contact Team\r\n', 'modified': '2022-06-08T09:37:55Z'}","Ich finde es eine Frechheit was Porsche hier den Fahrern eines Autos aus der höchsten Preisklasse zumutet.

Die alte App wird abgeschaltet und es wird eine Quasi-Beta-Version freigegeben mit der man sich nun herumschlagen darf. Die Verbindung zum Fahrzeug dauert manchmal bis zu 1min, wenn überhaupt eine Verbindung stattfindet. Der Charging-Service, der nun über die App läuft, ist absoluter Horror. Der Filter funktioniert überhaupt nicht, wie soll man hier eine Station finden. Ich kann bspw. >270kW einstellen, speichern und sehe alle 22kW Station. 

Die Tripanzeige zeigt nur noch den letzten Trip an. Vorher war auch eine Historie möglich.

Ich könnte das so fortsetzen und finde es wirklich unverschämt was man hier den Käufern zumutet. Ich kann mir nur vorstellen, dass die Vorgesetzten der Entwickler diese App noch nie genutzt haben und damit täglich arbeiten sollen. Denn ansonsten würde ich dieses Team komplett austauschen.",1,False,Diese App ist eine Zumutung,2022-05-30 14:42:38,Buzz_Lightyear,my-porsche,1559529059
"{'id': 30117330, 'body': 'Guten Tag pathei,\r\n\nvielen Dank für Ihr Feedback. Wir entschuldigen uns für die Unannehmlichkeiten. Wir arbeiten kontinuierlich an Verbesserungen und Weiterentwicklungen unserer App und ihrer Funktionen. Wenn Sie in der App Probleme feststellen, bitten wir Sie uns weitere Informationen über ""Konto"" -> ""Kontakt und Hilfe"" -> ""Ein Problem mit der App melden"" zur Verfügung zu stellen oder einfach Ihr Smartphone bei geöffneter App zu schütteln. Dadurch öffnet sich ein E-Mail-Formular und fügt dem Anhang automatisch einen Screenshot des aktuellen Bildschirms hinzu. Alternativ senden Sie bitte eine E-Mail (inkl. Porsche ID, Fehlermeldung) an smartmobility@de.porsche.com. Vielen Dank.\r\n\nBeste Grüße\r\nIhr Porsche Contact Team\r\n', 'modified': '2022-06-02T08:34:54Z'}","Kilometerangabe bei Füllstand, Trip Daten, Reifendruck….manchmal da, manchmal nicht da….manchmal “0” , manchmal korrekt….Verbindung nicht stabil. Für einen Porsche unwürdig. Digitalisierungskompetenz bei Porsche eindeutig nicht vorhanden. Schade",1,False,Leider unwürdig für dieses Segment…,2022-05-29 16:04:48,pathei,my-porsche,1559529059
"{'id': 28720306, 'body': 'Guten Tag etzling,\r\n\nvielen Dank für Ihr Feedback. Wir entschuldigen uns für die Unannehmlichkeiten. In der neuen My Porsche App können Sie über die Karte weiterhin Adressen und Orte favorisieren. Um sich den exakten Standort Ihres Fahrzeugs anzeigen zu lassen, tippen Sie bitte im ""Karte""-Tab auf ihr Fahrzeugbild. Um ein Problem mit der App zu melden, bitten wir Sie, uns weitere Informationen über ""Konto"" -> ""Kontakt und Hilfe"" -> ""Ein Problem mit der App melden"" zur Verfügung zu stellen oder einfach Ihr Smartphone bei geöffneter App zu schütteln. Dadurch öffnet sich ein E-Mail-Formular und fügt dem Anhang automatisch einen Screenshot des aktuellen Bildschirms hinzu. Alternativ bitten wir Sie, uns eine E-Mail an smartmobility@ch.porsche.com zu senden, falls Sie in der Schweiz wohnhaft sind, oder an smartmobility@de.porsche.com, falls Sie in Deutschland wohnhaft sind. Vielen Dank.\r\n\nBeste Grüße\r\nIhr Posche Contact Team', 'modified': '2022-03-22T14:51:42Z'}","Zu langsam.  Schlechte Verbindung im Grenzbereich. Die Verbindung über Vodafon ist katastrophal. In der alten Porsche. Connect App konnte man POI einstellen. Das hat ohne Kommentar gelöscht. Die Mail Adresse in der Schweiz um sich zu beschweren  ist falsch! 
In der neuen App ist das Auto nicht richtig zu lokalisieren. Da sofort auf ein Routen Programm umgeschaltet wird. Wer programmiert da?",1,False,Bockmist!,2022-03-17 14:11:24,etzling,my-porsche,1559529059
"{'id': 27631644, 'body': 'Sehr geehrter Herr Thannisch,\nes tut uns leid zu hören, dass Sie unzufrieden sind mit den Remote Funktionen. Unser Support Team wird sich bei Ihnen melden und Ihnen behilflich sein. \nIhr Porsche Contact Team', 'modified': '2022-01-24T18:42:10Z'}","Der 911 fährt gut, aber die Sofware, das primitive Display ( Käfer) , die nicht funktionierende Renote Funktion lassen mich das Auto hassen. Ich werd den verkaufen und mir den AMG SL kaufen. Ich bin richtig sauer auch der Support versteht nichts.
Update: Ich hatte heute ein Gespräch mit dem Support und die versuchen das jetzt zu reparieren.",1,True,Absoluter Schrott aber Hilfe in Aussicht,2022-01-24 18:42:10,Holger Thannisch,my-porsche,1559529059
"{'id': 29433070, 'body': 'Sehr geehrter Kunde,\r\n\nvielen Dank für Ihr Feedback. Wir entschuldigen uns in höchstem Maße für die Unannehmlichkeiten. Wir arbeiten kontinuierlich an der Verbesserung unserer App, insbesondere im Bezug auf Performance.\r\n\nViele Grüße\r\nIhr Porsche Contact Team', 'modified': '2022-04-27T15:28:49Z'}","Liebes Porsche Entwicklerteam, Ich fahre einen Taycan und nutze eigentlich die Standklimatisierung regelmäßig. Gleiches gilt für die Ladesteuerung/-Überwachung. Allerdings funktioniert die Verbindung zum Fahrzeug über die App bestenfalls sporadisch. Es macht wenig Freude, jedesmal nach draußen zum Fahrzeug zu rennen. So nutzt die App leider gar nichts.",1,False,Verbindung funktioniert nicht zuverlässig,2022-04-16 16:38:28,Frustrierter Leser,my-porsche,1559529059
"{'id': 28474775, 'body': 'Guten Tag Guerlain 110,\r\n\nvielen Dank für Ihr Feedback und Ihre aktualisierte Bewertung. Wir arbeiten kontinuierlich an Verbesserungen und Weiterentwicklungen und werden bald weitere Features hinzufügen.\r\n\nViele Grüße\r\nIhr Porsche Contact Team', 'modified': '2022-03-09T15:33:25Z'}",Von den Funktionen eine miese app und mind. 3 Jahre hinterher.,2,False,Im Gegensatz zu BMW und Mercedes eher traurig,2022-02-23 20:25:54,Guerlain 110,my-porsche,1559529059
"{'id': 27563120, 'body': 'Guten Tag msle08, \nwir entschuldigen uns im höchsten Maße für die Unannehmlichkeiten. Wir konnten die Probleme mittlerweile beheben und hoffen, dass Sie unserer App noch eine Chance geben. Wir würden uns freuen, wenn Sie über eine aktualisierte Bewertung wissen lassen, ob sich die Performance verbessert hat. Vielen Dank. \nIhr Porsche Contact Team', 'modified': '2022-01-20T16:04:37Z'}",Heute eine Email bekommen zur neuen App und sofort installiert… aber leider große Enttäuschung!!! 5min auf dem Telefon und nur Probleme mit Gateway oder Fehlermeldung wie “da ist was schief gelaufen” Ich werde es wieder deinstallieren und lieber zu Fuß kontrollieren ob ich das Auto abgesperrt habe. Connected Car stell ich mir anders vor.,1,False,Beim Login schon Gatewayprobleme 🤦🏼‍♀️,2022-01-12 08:09:22,msle08,my-porsche,1559529059
"{'id': 28735377, 'body': 'Guten Tag Happyhahl,\r\n\nvielen Dank für Ihr Feedback. Sie können Ihr Fahrzeug in der My Porsche App hinzufügen. Mit aktivierten Connect- oder Car Connect-Diensten können Sie zahlreiche Remote-Funktionen nutzen (weitere Infos können Sie hier finden: https://connect-store.porsche.com/de/de?gclid=CjwKCAiAl-6PBhBCEiwAc2GOVB0DsymcbINA2ZvQTVNquTTCLpgX4bfkCpYPcjoZYi4sc25ne9RBXhoCYqgQAvD_BwE&gclsrc=aw.ds&vs=1). Sollten Sie weiterhin Probleme mit der App haben bitten wir Sie, uns eine E-Mail an smartmobility@de.porsche.com zu senden. Vielen Dank.\r\n\nBeste Grüße\r\nIhr Porsche Contact Team', 'modified': '2022-03-23T09:43:59Z'}","Also nach vielem Hin-und-Her in der App alle Daten eingepflegt. Außer einem Service Termin aufsetzen, erhält man Zugang zu den Werbeplattformen (Porsche Design ext.) von Porsche. Den versprochene Weg zum verlorenen Fahrzeug erhält ebensowenig wie die avisierte Steuerung der Klimatechnik. Zusammemgefasst: Nur Spielerei",1,False,Sinnhaftigkeit fehlt,2022-03-13 17:43:32,Happyhahl,my-porsche,1559529059
"{'id': 29553827, 'body': 'Guten Tag uscherb,\r\n\nvielen Dank für Ihr Feedback. Damit wir Ihnen weiterhelfen können, wenden Sie sich bitte mit weiteren Informationen (e.g. Porsche ID, App-Version, Fahrzeugmodell) an smartmobility@de.porsche.com. Außerdem haben wir gute Neuigkeiten für Sie: In Kürze werden wir die Möglichkeit, Klimazonen in der App einzustellen, hinzufügen. Vielen Dank für Ihre Geduld.\r\n\nBeste Grüße\r\nIhr Porsche Contact Team', 'modified': '2022-05-04T12:55:33Z'}","Klimatimer lässt sich über App nicht einstellen. Schlechter Support. Porschezentrum war nicht in der Lage Problem zu lösen. Online Support für einen Technologiekonzern unwürdig, sehr späte Antwort, angebotene Lösung funktioniert nicht. Klimazonen gabs in alter App, jetzt nicht mehr. Ganz, ganz schwach.",1,False,"Ganz schwach, Geht nicht",2022-05-02 20:21:18,uscherb,my-porsche,1559529059
"{'id': 29936035, 'body': 'Guten Tag Mbllh,\r\n\nvielen Dank für Ihr Feedback. Wir entschuldigen uns für die Unannehmlichkeiten. Wir arbeiten kontinuierlich an Verbesserungen und Weiterentwicklungen unserer App. Damit wir das Problem untersuchen können, bitten wir Sie, uns weitere Informationen über ""Konto"" -> ""Kontakt und Hilfe"" -> ""Ein Problem mit der App melden"" zur Verfügung zu stellen oder einfach Ihr Smartphone bei geöffneter App zu schütteln. Dadurch öffnet sich ein E-Mail-Formular und fügt dem Anhang automatisch einen Screenshot des aktuellen Bildschirms hinzu. Alternativ senden Sie bitte eine E-Mail (inkl. Porsche ID, Fehlermeldung) an smartmobility@de.porsche.com. Vielen Dank.\r\n\nBeste Grüße\r\nIhr Porsche Contact Team', 'modified': '2022-05-24T12:08:15Z'}","Macan 2022 und die App auf einem IPHONE kommunizieren sehr unzuverlässig.  Fahrzeug Standort wird erst mit langer Verzögerung angezeigt, genau so der verriegelte Zustand. Navi-Ziel an Macan senden hat noch nie geklappt.

So etwas ist unbrauchbar…",1,False,"Funktioniert nicht, ohne Nutzen",2022-05-22 11:12:55,Mbllh,my-porsche,1559529059
,Seit gestern werden keine Daren mehr aktuell vom Auto übermittelt.,2,False,😤,2022-06-22 15:11:37,Schumi75,my-porsche,1559529059
"{'id': 29029041, 'body': 'Guten Tag der_nasenbar,\r\n\nwir arbeiten kontinuierlich an Verbesserungen und Weiterentwicklungen unserer App. Bei einem konkreten Problem bitten wir Sie, uns weitere Informationen über ""Konto"" -> ""Kontakt und Hilfe"" -> ""Ein Problem mit der App melden"" zur Verfügung zu stellen oder einfach Ihr Smartphone bei geöffneter App zu schütteln. Dadurch öffnet sich ein E-Mail-Formular und fügt dem Anhang automatisch einen Screenshot des aktuellen Bildschirms hinzu. Vielen Dank.\r\n\nViele Grüße\r\nIhr Porsche Contact Team', 'modified': '2022-04-07T11:45:07Z'}","Oder macht ein Praktikum, zum Beispiel bei Dacia. Die lassen alles, was schlecht oder gar nicht funktioniert, einfach weg. Das wäre also zumindest beim Taycan alles.",1,False,Lasst es einfach sein!,2022-04-01 07:23:30,der_nasenbaer,my-porsche,1559529059
"{'id': 27444462, 'body': 'Guten Tag Rudi Papa, \nvielen Dank für Ihr Feedback! Wir entschuldigen uns für die Unannehmlichkeiten. Wir arbeiten kontinuierlich an der Verbesserung und Weiterentwicklung unserer App. Außerdem gibt es gute Neuigkeiten: Durch das neue Update sind nun weitere Funktionen hinzugekommen, wie z.B. Trip-Daten. Sollten Sie weiterhin Probleme mit der App haben, bitten wir Sie, uns zusätzliche Details (z.B. Porsche ID, App Version, Fehlermeldung) an folgende E-Mail-Adresse zu senden: smartmobility@de.porsche.com. \nIhr Porsche Contact Team', 'modified': '2022-01-14T12:45:00Z'}",Läuft schlecht und nur ganz wenige Funktionen gegenüber der alten App 😤,1,False,Läuft schlecht un,2022-01-07 13:30:37,Rudi Papa,my-porsche,1559529059
"{'id': 26626085, 'body': 'Hallo Kata8814, vielen Dank für Ihr Feedback. Wir arbeiten kontinuierlich an der Verbesserung und Weiterentwicklung unserer App. Zudem haben wir gute Neuigkeiten für Sie, bald kommen weitere Funktionen hinzu! Ihr Porsche Contact Team', 'modified': '2022-01-11T20:37:34Z'}","wieso werden wichtige Funktionen wie
- Konfiguration Ladeprofile
- Änderung der Standklima Temperatur nicht möglich 

Es muss doch möglich sein, den gleichen Funktionsumfang der bisherigen App in diese zu integrieren.
Ich werde wieder auf die Connect App wechseln",2,True,"Weitere Funktionen nun enthalten, aber…",2022-01-11 20:37:34,Kata8814,my-porsche,1559529059
"{'id': 27514924, 'body': 'Guten Tag Croonettes, \n\nwir entschuldigen uns für die Unannehmlichkeiten. Wir haben das Problem gelöst und bitte Sie darum, uns über eine aktualisierte Bewertung wissen zu lassen, ob sich die Performance verbessert hat. \nDarüber hinaus arbeiten wir kontinuierlich an Weiterentwicklungen. Ihren Verbesserungsvorschlag zur AppleWatch-Integration haben wir aufgenommen. Vielen Dank. \n\nIhr Porsche Contact Team', 'modified': '2022-01-18T14:18:51Z'}",Katastrophale Webapp - nicht mal der Login funktioniert richtig. Die bisherige Porsche Connect App ist 1000x besser - hoffentlich wird die nicht abgeschaltet. Die Hoffnung auf eine Apple Watch App wie bei allen anderen Wettbewerbern habe ich inzwischen aufgegeben. Absolut nicht Porsche like …,1,False,Schrott!!!,2022-01-12 08:15:22,Croonettes,my-porsche,1559529059
"{'id': 27625044, 'body': 'Guten Tag cashncarry,\xa0\n\nvielen Dank für Ihr Feedback. Wir entschuldigen uns für die Unannehmlichkeiten. Mittlerweile wurden viele Probleme behoben, die zum Release der App aufgetreten sind.\xa0\nBzgl. der Fehlermeldung mit dem iPhone-Browser: Bitte senden Sie eine E-Mail an smartmobility@de.porsche.com, damit wir uns den Sachverhalt anschauen können. Vielen Dank.\xa0\n\nIhr Porsche Contact Team', 'modified': '2022-01-24T10:50:18Z'}","Die App macht beim 911 das, was sie nach dem „berühmten“ Cayenne Update immer macht: nichts Nützliches. Schade!

Ein Bild mit meinem Auto in der richtigen Farbe - toll! 
Und: eine Karte von Google, wo ich mir jeden Punkt der Erde anzeigen lassen, aber leider nicht hin navigieren kann. Auch toll!

Dann noch viel Werbung für Porsche Events. 

Und nicht zu vergessen: die Connect-Dienste! Gleich beim Aufrufen kommt die Fehlermeldung beim iphone mit IOS 15: „der iphone Browser ist veraltet - bitte nutzen sie Chrome oder Firefox“
Gehts noch, Porsche?!",1,False,Was soll der Blödsinn?,2022-01-14 17:23:51,cashncarry,my-porsche,1559529059
"{'id': 25813005, 'body': 'Sehr geehrter Roobster, vielen Dank für Ihre Rückmeldung und das Sternchen! \nIhr Porsche Contact Team\r\n', 'modified': '2021-10-21T13:10:22Z'}",Kann alles was es soll,5,False,Gute App,2021-10-13 14:09:00,Roobster 💪,my-porsche,1559529059
"{'id': 29028972, 'body': 'Guten Tag Jo455, \r\n\nwir entschuldigen uns für die Unannehmlichkeiten. Wir arbeiten an einer kontinuierlichen Verbesserung und Weiterentwicklung unserer App. \r\n\nViele Grüße\r\nIhr Porsche Contact Team', 'modified': '2022-04-07T11:39:11Z'}",…🤮,1,False,So eine schwache App… die Alte Version war wesentlich besser,2022-03-30 07:46:38,Jo455,my-porsche,1559529059
"{'id': 27809249, 'body': 'Hallo p4x2a,\r\n\nvielen Dank für Ihr Feedback. Wir arbeiten kontinuierlich an der Verbesserung und Weiterentwicklung insbesondere im Ladebereich unserer App. Seien Sie gespannt auf die nächsten Updates!\r\n\nIhr Porsche Contact Team', 'modified': '2022-02-02T15:36:59Z'}","Bitte einfach die Kritik der anderen Tycan Fahrer hier abarbeiten und dann gibt es wieder 5 Sterne. Zusätzlich hab ich in der alten App das Widget am meisten genutzt. Weg ist es. Schade. 

Auto perfekt - App nahe Schrott. 

So ist Digitalisierung in Deutschland 2022 eben. 
Wieso geht der Qualitätsanspruch aus der Mechanik nicht auf die Software-Truppe über? 

Also: Gas geben und gute Software bauen.",1,False,Genug gesagt von anderen Tycan Fahrern hier,2022-01-27 22:18:48,p4x2a,my-porsche,1559529059
"{'id': 25812906, 'body': 'Dear FerryTheCarGuyr, thank you for your positive feedback on our My Porsche app, we appreciate it. We have good news: Further features will come soon! \nYour Porsche Contact Team\r\n', 'modified': '2021-10-21T13:04:13Z'}",Just saw this new app and added my Porsche to try it out. Works quite well and looks nice. Hopefully there are more features to come. I also like the mix of remote control functions and discovery content.,5,False,Promising app,2021-10-12 16:31:58,FerryTheCarGuy,my-porsche,1559529059
"{'id': 28232617, 'body': 'Guten Tag SxicideMachine, \n\nbezüglich des Problems mit der fehlerhaften Anleitung -wir haben das Problem mit dem neuen Update behoben und haben folgende Lösung für Sie: Bitte löschen Sie die Anleitung zunächst über Konto -> Einstellungen -> Anleitung -> Tippen auf den Mülleimer. Danach tippen Sie bitte im Homescreen auf Ihr Fahrzeug -> Anleitung -> Herunterladen. Nun sollte der Fehler behoben sein. \n\nViele Grüße, \nIhr Porsche Contact Team', 'modified': '2022-02-24T09:33:50Z'}","Neues iPhone, neuer 911er und dann dieser Witz?!
Wo ist die Anzeige Reifendruck?
Wo ist die Hup- und Blinkfunktion?
Wo kann ich die Spiegel anklappen?
Wo ist die Face-ID Sicherung?
Wo ist Apple Music?
Warum funktioniert die Fzg. Bedienungsanleitung nicht?
Frechheit, das als Innovation zu bewerben!",1,False,Unglaublich unfertig!,2022-01-20 23:57:42,SxicideMachine,my-porsche,1559529059
"{'id': 27564030, 'body': 'Guten Tag broker2342, \r\nes tut uns leid zu hören, dass Sie unzufrieden sind mit unserer App. Gerne würden wir Ihnen bei einem konkreten Anliegen behilflich sein. Bitte kontaktieren Sie uns hierzu direkt mit einer detaillierten Beschreibung Ihres Anliegens: smartmobility@de.porsche.com. Vielen Dank. \r\nIhr Porsche Contact Team', 'modified': '2022-01-20T16:55:22Z'}",Die App ist lächerlich😡,1,False,Was für ein Blamage für Porsche,2022-01-13 06:20:22,broker2342,my-porsche,1559529059
"{'id': 27585468, 'body': 'Dear _metone,\xa0\nThank you for your positive feedback, we appreciate it. We are continuously improving the app and we will add further features in the near future.\xa0\nYour Porsche Contact Team', 'modified': '2022-01-21T15:27:25Z'}","I feel like it is an improvement, looking forward to see when it gets better",5,False,On the right direction,2022-01-17 08:49:26,_metone,my-porsche,1559529059
"{'id': 27563145, 'body': 'Guten Tag Torbos, \nvielen Dank für Ihr Feedback. Wir entschuldigen uns für die Unannehmlichkeiten. Mittlerweile wurde das Problem behoben. Bitte lassen Sie uns über eine aktualisierte Bewertung wissen, ob sich die Performance verbessert hat. Vielen Dank. \nIhr Porsche Contact Team', 'modified': '2022-01-20T16:06:01Z'}","Alles was ich sehe ist
502 Bad Gateway
oder
504 Gateway Time-out",1,False,Geht gar nicht,2022-01-12 07:47:11,Torbos,my-porsche,1559529059
"{'id': 28257720, 'body': 'Guten Tag Dirkw22,\nvielen Dank für Ihr Feedback. Um Ihnen weiterhelfen zu können, bitten wir Sie, uns weitere Informationen (z.B. Porsche ID, App-Version, Fehlerbeschreibung) an smartmobility@de.porsche.com zu senden. Vielen Dank.\nBeste Grüße\nIhr Posche Contact Team', 'modified': '2022-02-25T18:47:29Z'}","Schlecht , funktioniert nicht",1,True,Funktioniert seit dem ersten Tag 27.12.2022 nicht und mir wird nur erzählt es liegt an Porsche,2022-02-25 18:47:29,Dirkw22,my-porsche,1559529059
"{'id': 27563212, 'body': 'Guten Tag JoFallert, \r\nvielen Dank für Ihr Feedback. Wir entschuldigen uns für die Unannehmlichkeiten, einige Probleme konnten wir beheben. Wir würden uns freuen, wenn Sie uns über eine aktualisierte Bewertung wissen lassen, ob sich die Performance verbessert hat. Vielen Dank. \r\nIhr Porsche Contact Team', 'modified': '2022-01-20T16:10:23Z'}",Seit dem Update am 11.01.2022 keine Verbindung mehr mit dem Server. Abmelden und neu anmelden bringt nichts. Keine Remotedienste mehr verfügbar. Bitte nachbessern!,1,False,Seit dem Update keine Verbindung,2022-01-12 11:38:19,JoFallert,my-porsche,1559529059
